employee_id,first_name,last_name,age,gender,occupation
1,Ryun,Lugsdin,60,Male,Actuary
2,Melesa,Muncer,58,Female,Budget/Accounting Analyst III
3,Rosene,Normavell,47,Female,Financial Analyst
4,Britt,Houdmont,47,Male,VP Sales
5,Mella,Harflete,56,Female,GIS Technical Architect
6,Emmit,Seath,24,Male,Paralegal
7,Gabriellia,Ferraraccio,26,Female,Account Executive
8,Hilarius,Quadling,69,Male,Product Engineer
9,Bo,Trenchard,63,Male,Speech Pathologist
10,Tresa,Osgar,24,Female,Research Assistant III
11,Nat,Hagyard,56,Male,Food Chemist
12,Any,Hancorn,29,Male,Web Designer II
13,Basilius,Simpkin,28,Male,Nurse Practicioner
14,Rinaldo,Ayscough,53,Male,Software Test Engineer IV
15,Ephrem,Biasioli,49,Male,Analog Circuit Design manager
16,Christa,Martschik,40,Female,Developer III
17,Claudian,Conant,62,Male,Nuclear Power Engineer
18,Dasya,Serle,63,Female,Quality Engineer
19,Ralf,Walczynski,24,Male,Administrative Assistant II
20,Isaac,Knibbs,36,Male,Associate Professor
21,Corenda,Reisenstein,28,Female,Account Coordinator
22,Alister,Janek,55,Male,Cost Accountant
23,Raffaello,Vickors,43,Male,Sales Associate
24,Suzy,Dotson,46,Female,Research Associate
25,Yancey,Lugard,70,Male,Marketing Manager
26,Arri,Loveland,66,Male,Professor
27,Delaney,Brankley,52,Male,Software Engineer II
28,Bernice,Chillingworth,44,Female,Biostatistician IV
29,Karyl,Jaouen,44,Female,Senior Financial Analyst
30,Yank,McKeon,24,Male,Internal Auditor
31,Krystyna,Dochon,58,Female,Senior Financial Analyst
32,Hamlin,Simoneau,63,Male,Chief Design Engineer
33,Iorgos,Kubec,69,Male,Staff Accountant II
34,Melodee,Caseri,58,Female,Administrative Assistant IV
35,Shelbi,Furphy,23,Female,Desktop Support Technician
36,Cloris,Karby,46,Female,Database Administrator II
37,Addy,Benger,58,Female,Statistician II
38,Aluino,Maryott,29,Male,Safety Technician IV
39,Trefor,Fillgate,56,Male,Structural Analysis Engineer
40,Marja,Cowell,47,Female,Staff Accountant IV
41,Amalee,Nannetti,29,Female,Staff Accountant III
42,Heloise,Penrice,64,Female,Design Engineer
43,Meryl,Mertgen,46,Female,Statistician I
44,Bertrando,Snadden,34,Male,Office Assistant I
45,Luella,Rainville,52,Female,Account Representative IV
46,Gaultiero,Vallentine,50,Male,VP Product Management
47,Aurelea,Weinmann,48,Female,Social Worker
48,Liza,Thorsby,42,Female,Software Engineer I
49,Tristam,Guarin,36,Male,Analog Circuit Design manager
50,Vince,Mortell,27,Male,Biostatistician IV
51,Meg,McCloud,42,Female,Analyst Programmer
52,Annamaria,Lammerding,30,Female,Physical Therapy Assistant
53,Skyler,Totterdell,23,Male,Database Administrator IV
54,Gibb,Geibel,22,Male,Software Test Engineer IV
55,Eliot,Fearneley,37,Male,Dental Hygienist
56,Gusti,Ashburner,44,Female,Cost Accountant
57,Gerianna,Mowson,32,Female,Structural Analysis Engineer
58,Sterling,Barwack,24,Male,Internal Auditor
59,Jonathan,Darch,57,Male,Administrative Officer
60,Roslyn,Maybery,53,Female,Help Desk Technician
61,Tomasina,Stoller,64,Female,Paralegal
62,Malcolm,McCandie,46,Male,Social Worker
63,Alvie,Purry,34,Male,VP Accounting
64,Tom,Geeson,55,Male,Health Coach I
65,Ranna,Jewkes,41,Female,VP Product Management
66,Rustie,Ordish,21,Male,Legal Assistant
67,Dionysus,Acome,30,Male,Programmer Analyst IV
68,Madelle,Prinnett,60,Female,Legal Assistant
69,Bethena,Grabiec,37,Female,Programmer I
70,Des,Maffin,55,Male,Business Systems Development Analyst
71,Bari,Tire,55,Female,Actuary
72,Zack,Girardez,26,Male,Research Nurse
73,Benton,Sturt,64,Male,Design Engineer
74,Biddie,Tweedlie,37,Female,Community Outreach Specialist
75,Ashil,Sloan,40,Female,Executive Secretary
76,Larissa,Penwright,27,Female,Recruiter
77,Cirstoforo,Tatchell,67,Male,Recruiting Manager
78,Jeanelle,Hollingdale,31,Female,Research Assistant I
79,Othello,Virgo,58,Male,Budget/Accounting Analyst II
80,Taryn,Kenlin,67,Female,GIS Technical Architect
81,Mariejeanne,Shorter,54,Female,Legal Assistant
82,Sephira,Arpin,54,Female,VP Quality Control
83,Bev,Yann,33,Male,Staff Scientist
84,Amalita,Rue,61,Female,Accounting Assistant II
85,Raeann,Rossbrooke,66,Female,Compensation Analyst
86,Cyrille,Shulem,42,Male,Marketing Manager
87,Christin,Lunnon,59,Female,Librarian
88,Patty,Loxston,70,Female,Automation Specialist I
89,Federico,Wakley,29,Male,Research Associate
90,Barry,O'Shaughnessy,20,Female,Web Designer III
91,Aymer,Battany,48,Male,Internal Auditor
92,Vyky,McArthur,70,Female,Structural Engineer
93,Jo ann,Ascough,64,Female,Actuary
94,Marsha,Turle,56,Female,Dental Hygienist
95,Bonita,Baterip,24,Female,Registered Nurse
96,Leigha,Rimmer,64,Female,Financial Analyst
97,Kelby,Duker,29,Male,GIS Technical Architect
98,Gertrude,Chadburn,57,Female,Software Engineer II
99,Halley,Wain,27,Female,Senior Quality Engineer
100,Barbabas,Smallman,42,Male,Software Engineer III
101,Aland,Metzig,19,Male,General Manager
102,Stern,Tookill,66,Male,Web Designer I
103,Leonerd,Roubert,29,Male,Mechanical Systems Engineer
104,Humfrey,Caldes,26,Male,Research Nurse
105,Kirby,Fetter,52,Female,Quality Control Specialist
106,Jacklyn,Sharp,56,Female,Web Developer III
107,Talyah,Littlepage,19,Female,Health Coach II
108,Thain,O'Cullinane,40,Male,Assistant Professor
109,Nyssa,Bruyet,58,Female,Developer IV
110,Kelsy,Bartle,43,Female,Marketing Assistant
111,Carrie,Somerlie,22,Female,Environmental Specialist
112,Isidro,Avrahamoff,62,Male,Editor
113,Bernita,Follet,70,Female,Dental Hygienist
114,Elfrida,Ilyuchyov,70,Female,Programmer III
115,Ariel,Silcock,54,Male,Project Manager
116,Roxanne,Carrack,27,Female,Biostatistician III
117,Robbi,Ovell,62,Female,Help Desk Operator
118,Frasco,Asty,65,Male,Senior Cost Accountant
119,Othelia,Asplin,32,Female,Mechanical Systems Engineer
120,Enrico,Oxburgh,36,Male,Senior Quality Engineer
121,Hanni,Sweetmore,35,Female,Research Assistant I
122,Agnesse,Huish,61,Female,Junior Executive
123,Norina,McCay,24,Female,Statistician III
124,Lorrie,Spowart,54,Male,Web Designer II
125,Ana,Choak,33,Female,Editor
126,Jacques,Yurenin,40,Male,Quality Engineer
127,Peder,Attoe,27,Male,Computer Systems Analyst II
128,Brett,Alesio,31,Male,Research Associate
129,Brianne,Pakeman,47,Female,Design Engineer
130,Giffie,Standell,26,Male,Community Outreach Specialist
131,Charla,Ramplee,70,Female,Research Assistant IV
132,Leena,Dupoy,43,Female,Technical Writer
133,Ann-marie,Sharram,36,Female,Director of Sales
134,Federico,Gorwood,25,Male,Marketing Assistant
135,Isaiah,Shorto,25,Male,Registered Nurse
136,Kerwin,Bewsey,60,Male,Compensation Analyst
137,Brooks,Scapens,60,Male,Senior Developer
138,Emanuel,Theriot,19,Male,Electrical Engineer
139,Sharity,Sturgeon,32,Female,General Manager
140,Philipa,Liddicoat,30,Female,Graphic Designer
141,Norton,Lerhinan,25,Male,Director of Sales
142,Halli,Simoneau,47,Female,VP Marketing
143,Tracey,Portail,26,Male,VP Product Management
144,Eddie,Lundy,29,Male,Administrative Assistant II
145,Menard,Reskelly,18,Male,Design Engineer
146,Isabella,Stang-Gjertsen,36,Female,Programmer I
147,Les,Baldung,39,Male,Software Engineer III
148,Ann-marie,Cocozza,64,Female,Senior Quality Engineer
149,Mariejeanne,Ryburn,33,Female,Health Coach III
150,Anstice,Stronack,63,Female,Chemical Engineer
151,Oralla,Currier,64,Female,Safety Technician III
152,Teodor,Phorsby,62,Male,Software Test Engineer III
153,Huntlee,Viles,45,Male,Senior Developer
154,Ivar,Luckwell,36,Male,Marketing Assistant
155,Maddi,Gentsch,55,Female,Operator
156,Dimitri,Lintin,49,Male,Actuary
157,Hunter,Shulver,38,Male,Senior Sales Associate
158,Nikola,Aslam,64,Male,Marketing Assistant
159,Lexis,Sheirlaw,65,Female,Pharmacist
160,Tome,Whitehall,53,Male,Registered Nurse
161,Skylar,Summersby,56,Male,Speech Pathologist
162,Kelcey,Longman,42,Female,Assistant Manager
163,Tootsie,Bhar,52,Female,Human Resources Manager
164,Timothea,Reeken,20,Female,Research Associate
165,Gilberto,D'eath,19,Male,Legal Assistant
166,Bear,Symondson,55,Male,Help Desk Technician
167,Marcy,Shuker,38,Female,Mechanical Systems Engineer
168,Thorsten,Finicj,58,Male,Cost Accountant
169,Bat,Pepperill,38,Male,Analog Circuit Design manager
170,Staford,Plewright,42,Male,Actuary
171,Fletcher,Pagram,56,Male,Data Coordiator
172,Godfree,Fripps,43,Male,Staff Accountant II
173,Evyn,Bartod,26,Male,Geological Engineer
174,Alexandros,Barrowclough,27,Male,Programmer I
175,Jorry,Paolinelli,18,Female,Mechanical Systems Engineer
176,Raimundo,Swales,22,Male,Analog Circuit Design manager
177,Valentina,Goodboddy,21,Female,Actuary
178,Kristen,Maiden,59,Female,Clinical Specialist
179,Lee,Dmiterko,44,Female,Junior Executive
180,Parrnell,Salzburger,28,Male,Executive Secretary
181,Katine,Jiggle,21,Female,Developer I
182,Connor,Golt,22,Male,Human Resources Manager
183,Tania,Kleinhandler,56,Female,Cost Accountant
184,Verene,Waddington,43,Female,Nurse
185,Edy,Parks,50,Female,Professor
186,Kimberlyn,Friskey,55,Female,Executive Secretary
187,Corbet,Skitt,46,Male,Administrative Assistant II
188,Jacky,Seabrook,58,Female,Nurse Practicioner
189,Brett,Terrey,58,Female,Teacher
190,Bethena,Cannicott,53,Female,Human Resources Assistant III
191,Pepi,O'Finan,31,Female,Electrical Engineer
192,Issi,Marson,64,Female,Physical Therapy Assistant
193,Dan,Leeman,19,Male,Paralegal
194,Randell,Connaughton,55,Male,Research Associate
195,Koressa,Silkstone,44,Female,Structural Analysis Engineer
196,Brear,Slipper,32,Female,Administrative Officer
197,Louise,Smiz,39,Female,Environmental Specialist
198,Emmerich,Grahlman,61,Male,Electrical Engineer
199,Craggy,Symondson,50,Male,Business Systems Development Analyst
200,Bethany,Bretherick,31,Female,Account Coordinator
201,Kai,Jedrzaszkiewicz,68,Female,Paralegal
202,Ivory,Leonard,36,Female,Professor
203,Wendi,Costi,65,Female,Staff Scientist
204,Winni,Frodsam,22,Female,Senior Sales Associate
205,Blondell,Grouse,64,Female,Cost Accountant
206,Orazio,Daveley,39,Male,Actuary
207,Art,Nelsen,21,Male,Account Executive
208,Tallou,Coker,37,Female,Health Coach IV
209,Clemmie,Feckey,19,Female,Senior Cost Accountant
210,Mabel,Heminsley,64,Female,Chemical Engineer
211,Sarajane,Athowe,47,Female,Librarian
212,Wyatt,Deeves,56,Male,Data Coordiator
213,Atlanta,Phillips,67,Female,Geologist IV
214,Hyacinthia,Ales,48,Female,Assistant Professor
215,Dur,Goodbur,59,Male,Operator
216,Etienne,MacKinnon,68,Male,Director of Sales
217,Theresina,Jago,38,Female,Marketing Manager
218,Deloris,Kaemena,52,Female,Director of Sales
219,Mariana,Shall,45,Female,General Manager
220,Leicester,Fernandez,24,Male,Product Engineer
221,Vivien,O'Dreain,37,Female,Social Worker
222,Vern,Foch,55,Male,Civil Engineer
223,Brett,Roistone,59,Female,Community Outreach Specialist
224,Jamaal,MacMaster,19,Male,Budget/Accounting Analyst II
225,Delia,Lazarus,50,Female,Editor
226,Lou,Swapp,45,Male,Product Engineer
227,Kurt,Andriessen,22,Male,Safety Technician III
228,Lindy,Kidstone,54,Male,General Manager
229,Ingrid,Blincko,49,Female,Staff Scientist
230,Clyve,Le Strange,20,Male,Associate Professor
231,Lowell,Bannester,56,Male,VP Sales
232,Torrence,Agott,22,Male,Programmer Analyst III
233,Gracie,Feldberger,33,Female,Internal Auditor
234,Bernie,Woodier,63,Male,Paralegal
235,Griz,Pickrill,22,Male,Assistant Manager
236,Lewie,Richfield,54,Male,Recruiting Manager
237,Kikelia,Menendez,50,Female,Director of Sales
238,Jessika,Coare,43,Female,Environmental Tech
239,Shelby,Lovatt,39,Female,Database Administrator III
240,Piotr,Brockington,21,Male,VP Marketing
241,Gibbie,Steketee,42,Male,Software Consultant
242,Domenico,Yvens,51,Male,Assistant Professor
243,Beverly,Mollatt,68,Female,Professor
244,Tamera,Sellwood,40,Female,Web Developer II
245,Kurt,Brenneke,53,Male,Database Administrator II
246,Taite,Dewes,37,Male,Analyst Programmer
247,Cass,O'Geneay,23,Female,Web Developer II
248,Kat,Wilkes,33,Female,Environmental Specialist
249,Baily,Elgey,24,Male,Administrative Assistant III
250,Graig,Dowdall,31,Male,Payment Adjustment Coordinator
251,Kata,Kippin,55,Female,Account Coordinator
252,Mata,Custed,26,Male,Graphic Designer
253,Fidelity,Sharpe,47,Female,Web Designer III
254,Cicily,Brough,38,Female,Community Outreach Specialist
255,Patten,Ansley,45,Male,Editor
256,Torry,Hawtrey,18,Male,Web Developer II
257,Agathe,Huxton,58,Female,Accounting Assistant III
258,Tarrance,Dellow,61,Male,Junior Executive
259,Sari,Blazic,28,Female,Executive Secretary
260,Corella,Spohr,30,Female,Junior Executive
261,Dulce,Phinnessy,36,Female,Safety Technician III
262,Rudolfo,Peddel,41,Male,Registered Nurse
263,Lorilee,Sampey,43,Female,Clinical Specialist
264,Hildagard,Guittet,53,Female,Assistant Professor
265,Immanuel,Mainz,52,Male,Budget/Accounting Analyst II
266,Alf,Gregr,21,Male,GIS Technical Architect
267,Marianna,Loan,24,Female,Civil Engineer
268,Georges,Guerra,26,Male,Safety Technician II
269,Ragnar,Romand,59,Male,Senior Developer
270,Scot,Glendenning,51,Male,Database Administrator III
271,Cecilio,Lewsy,55,Male,Nurse Practicioner
272,Bobbe,Brayshay,60,Female,Social Worker
273,Ennis,Brereton,20,Male,Account Representative I
274,Roy,Curdell,62,Male,Research Associate
275,Rafaela,Althrop,18,Female,Clinical Specialist
276,Ula,Chauvey,19,Female,Recruiting Manager
277,Karlan,Bruna,43,Male,Project Manager
278,Allix,Bapty,18,Female,Food Chemist
279,Raven,Raith,63,Female,Staff Accountant IV
280,Dene,Andrewartha,61,Male,Business Systems Development Analyst
281,Pennie,Kembley,64,Female,Statistician III
282,Rosemonde,Coldicott,55,Female,Human Resources Manager
283,Linzy,Sweedy,53,Female,Account Executive
284,Arty,Leheude,18,Male,Statistician I
285,Regan,Beton,41,Female,Director of Sales
286,Reagan,Winship,46,Male,Associate Professor
287,Clo,Bendell,48,Female,Community Outreach Specialist
288,Farica,Kilsby,57,Female,Sales Representative
289,Peta,Sandcraft,57,Female,Compensation Analyst
290,Alane,Breeder,59,Female,Software Test Engineer III
291,Rosemary,Oger,33,Female,Chief Design Engineer
292,Augustine,Cuttles,37,Male,Structural Engineer
293,Maxie,Gerraty,64,Female,Product Engineer
294,Merwyn,Merwe,40,Male,Automation Specialist III
295,Batholomew,Drought,33,Male,Clinical Specialist
296,Herculie,Portwaine,21,Male,Technical Writer
297,Iggie,Cordle,65,Male,Social Worker
298,Fee,Redshaw,52,Male,Mechanical Systems Engineer
299,Daisy,Wytchard,24,Female,Product Engineer
300,Isak,Ovanesian,31,Male,Social Worker
301,Elnora,Starbucke,60,Female,VP Product Management
302,Roldan,Jinda,40,Male,Project Manager
303,Willie,Eburne,20,Male,Senior Editor
304,Cherilyn,Tucsell,53,Female,VP Quality Control
305,Gordon,Hartzenberg,43,Male,Senior Cost Accountant
306,Eric,Keling,22,Male,Social Worker
307,Brittne,Poppleston,39,Female,Senior Sales Associate
308,Burl,Yegorkin,54,Male,Product Engineer
309,Raff,Filon,35,Male,Tax Accountant
310,Christy,Kencott,37,Male,Chief Design Engineer
311,Terri,Petyakov,24,Female,Librarian
312,Manya,Lurcock,50,Female,Senior Financial Analyst
313,Karoly,Tippell,53,Female,Clinical Specialist
314,Shirley,Tofanelli,59,Female,Staff Scientist
315,Ulberto,Thorald,43,Male,Senior Editor
316,Ansell,Ianinotti,48,Male,Product Engineer
317,Tripp,Simmig,25,Male,Research Nurse
318,Kelbee,MacCafferty,36,Male,Paralegal
319,Ceil,Godain,48,Female,Director of Sales
320,Sergio,Denyagin,62,Male,Project Manager
321,Tarrah,Holsall,38,Female,Developer I
322,Horatius,Bangiard,29,Male,Office Assistant I
323,Pammy,Gallaher,65,Female,Budget/Accounting Analyst III
324,Shay,McKeag,54,Female,Environmental Tech
325,Rosalinda,Titterington,34,Female,Financial Analyst
326,Gabbey,Kesten,27,Female,Software Consultant
327,Aylmar,Sappell,38,Male,Senior Editor
328,Phebe,Shiels,43,Female,VP Accounting
329,Peggy,Cadden,66,Female,Office Assistant III
330,Brooke,Saltman,21,Female,Chief Design Engineer
331,Leonhard,Hopfer,53,Male,Community Outreach Specialist
332,Gardiner,Sexstone,30,Male,Computer Systems Analyst III
333,Anni,Shorbrook,34,Female,Safety Technician IV
334,Charin,Treffrey,40,Female,Geologist III
335,Shara,Headland,37,Female,Safety Technician I
336,Marlo,Harsum,21,Male,Editor
337,Kellia,Joesbury,66,Female,Account Representative I
338,Orson,Bradborne,50,Male,VP Quality Control
339,Billye,Jefford,48,Female,Accountant II
340,Celeste,Chevers,58,Female,Civil Engineer
341,Rayna,Roman,46,Female,Assistant Media Planner
342,Lazare,Petican,68,Male,VP Quality Control
343,Rance,Van Der Walt,39,Male,Financial Advisor
344,Willette,Milkeham,20,Female,Civil Engineer
345,Aindrea,Bellon,38,Female,Web Developer II
346,Francisca,Birkmyre,63,Female,Administrative Officer
347,Durant,Brownill,44,Male,Technical Writer
348,L;urette,Robecon,35,Female,Speech Pathologist
349,Shanta,Boniface,63,Female,Technical Writer
350,Kandace,Mallabone,29,Female,Junior Executive
351,Elenore,Alfwy,45,Female,Web Developer II
352,Courtney,Staneland,68,Male,Chief Design Engineer
353,Gleda,Andrioni,30,Female,Automation Specialist II
354,Arie,Hartrick,22,Male,Research Associate
355,Agneta,Reef,28,Female,Analog Circuit Design manager
356,Kendal,Peckham,40,Male,Analog Circuit Design manager
357,Ryun,Cappleman,52,Male,Research Associate
358,Mignon,Cockroft,47,Female,Mechanical Systems Engineer
359,Kirsti,Marusic,56,Female,Software Engineer III
360,Putnem,Menham,53,Male,Product Engineer
361,Ralf,Bullivent,23,Male,Staff Scientist
362,Kenn,Altham,36,Male,Sales Representative
363,Britteny,Jeune,20,Female,Staff Accountant IV
364,Caroline,Sheer,33,Female,Developer IV
365,Sonja,Farrin,61,Female,Operator
366,Bale,Burrage,29,Male,Assistant Professor
367,Gwendolin,Blandamere,22,Female,Physical Therapy Assistant
368,Cammi,Teresia,48,Female,Software Consultant
369,Mata,Cockburn,40,Male,Programmer Analyst IV
370,Olivette,Alabaster,67,Female,Financial Advisor
371,Corie,O'Dare,41,Female,Financial Advisor
372,Toiboid,Joliffe,54,Male,Administrative Officer
373,Laurie,Allabush,56,Male,Programmer I
374,Mayor,Leeburn,67,Male,Safety Technician IV
375,Bendick,Indge,22,Male,Database Administrator II
376,Austen,Sorensen,25,Male,Geologist IV
377,See,Feye,45,Male,Accountant II
378,Gloriane,Kingswood,56,Female,Statistician IV
379,Shermie,Arrow,57,Male,VP Marketing
380,Cathryn,Kneaphsey,44,Female,Editor
381,Charleen,Dudden,40,Female,Librarian
382,D'arcy,Stockow,69,Male,Community Outreach Specialist
383,Cordell,Monkton,38,Male,Help Desk Operator
384,Hilary,Mussalli,19,Male,Payment Adjustment Coordinator
385,Helen-elizabeth,McCulley,31,Female,Geological Engineer
386,Chance,Mark,64,Male,General Manager
387,Ellyn,Shipton,65,Female,Quality Control Specialist
388,Seline,McCart,20,Female,Actuary
389,Tiena,Uttley,36,Female,Financial Analyst
390,Bengt,Mecco,59,Male,Staff Scientist
391,Andee,Haulkham,68,Female,Research Nurse
392,Barby,Dunkirk,39,Female,Internal Auditor
393,Dominique,Gamell,32,Female,Help Desk Technician
394,Karylin,Litchfield,43,Female,VP Accounting
395,Guillermo,Asquith,61,Male,Software Consultant
396,Kev,Kindon,55,Male,Senior Cost Accountant
397,Traver,Hamblen,44,Male,General Manager
398,Madlen,Walsh,60,Female,Accountant I
399,Alvera,McFie,62,Female,Tax Accountant
400,Maggie,Ovill,58,Female,Cost Accountant
401,Tallulah,Hollingsby,23,Female,Senior Cost Accountant
402,Lethia,Welman,25,Female,Accountant I
403,Lek,Mintram,62,Male,Operator
404,Ursa,Beauman,34,Female,Senior Quality Engineer
405,Ginelle,Trousdell,65,Female,Information Systems Manager
406,Cammie,Eddins,21,Female,Programmer IV
407,Lottie,Nevins,70,Female,Budget/Accounting Analyst III
408,Clementia,Edmund,65,Female,Desktop Support Technician
409,Yul,Cawthra,67,Male,Desktop Support Technician
410,Arty,Papps,32,Male,Civil Engineer
411,Mario,Gibard,22,Male,Sales Associate
412,Revkah,O'Corrane,35,Female,Business Systems Development Analyst
413,Liesa,Wackley,29,Female,Payment Adjustment Coordinator
414,Alasdair,Polding,39,Male,Environmental Specialist
415,Bartolomeo,McNay,64,Male,VP Product Management
416,Natalina,Antcliff,55,Female,Electrical Engineer
417,Leeanne,Reddan,18,Female,Structural Analysis Engineer
418,Sinclare,Brixey,34,Male,Information Systems Manager
419,Wendie,Norcliff,52,Female,Internal Auditor
420,Rowen,Emblen,66,Male,Financial Analyst
421,Lanie,Byers,25,Male,Office Assistant III
422,Lurleen,Peskin,63,Female,Editor
423,Dorolice,Leipold,67,Female,Human Resources Assistant II
424,Herby,McGilvary,26,Male,Senior Editor
425,Jennica,Gynn,69,Female,Office Assistant I
426,Jess,Drennan,19,Female,Physical Therapy Assistant
427,Eziechiele,Lammiman,19,Male,Help Desk Operator
428,Cart,Ridout,37,Male,Programmer Analyst IV
429,Constantin,Robjents,41,Male,Tax Accountant
430,Felicio,Bettleson,66,Male,Recruiter
431,Wilhelmine,Faulconer,25,Female,Senior Cost Accountant
432,Kitti,Le Strange,21,Female,Administrative Assistant IV
433,Daphna,Bruntje,28,Female,Cost Accountant
434,Paton,Farrand,32,Male,VP Accounting
435,Constantino,Gettens,50,Male,Software Consultant
436,Morgan,Espinoy,52,Female,Senior Developer
437,Ivar,Bielby,46,Male,Assistant Media Planner
438,Gilburt,Thouless,28,Male,VP Sales
439,Immanuel,Ungerechts,21,Male,Graphic Designer
440,Johnny,Dennes,55,Male,Account Representative I
441,Riane,Creddon,55,Female,Junior Executive
442,Emmey,O'Hoey,24,Female,Quality Control Specialist
443,Kiley,Philp,46,Female,Clinical Specialist
444,Annalise,Strute,64,Female,Biostatistician III
445,Chere,Metts,51,Female,Database Administrator III
446,Caz,Langham,65,Male,Software Test Engineer II
447,Arleta,Vannini,52,Female,Staff Scientist
448,Allyn,Firebrace,25,Female,Office Assistant I
449,Stanislaw,Tesmond,55,Male,Senior Developer
450,Chery,Azam,50,Female,Recruiter
451,Ashby,Ragsdale,31,Male,Office Assistant IV
452,Evelyn,Slisby,56,Male,Geologist IV
453,Alina,Timcke,58,Female,Analog Circuit Design manager
454,Melinda,Mouncher,43,Female,Budget/Accounting Analyst II
455,Joey,Dressell,66,Female,Nurse
456,Olag,Featherston,37,Male,Librarian
457,Had,Eltringham,20,Male,Research Nurse
458,Orly,Nossent,20,Female,VP Quality Control
459,Othello,Mortel,60,Male,Developer I
460,Farrell,Froom,69,Male,Programmer Analyst IV
461,Dulcie,McCrone,45,Female,Biostatistician I
462,Gilberta,Tirte,60,Female,Graphic Designer
463,Nannie,Linkleter,41,Female,Research Associate
464,Case,Kopacek,18,Male,Developer II
465,Sauncho,McIlriach,49,Male,Senior Developer
466,Waring,Sedgeworth,21,Male,Human Resources Assistant III
467,Rafe,Bryde,57,Male,Software Engineer II
468,Rand,Clotworthy,31,Male,Human Resources Manager
469,Zelma,Vellden,26,Female,Office Assistant IV
470,Rowe,Benedict,47,Female,Nurse Practicioner
471,Carine,Rabbage,38,Female,Administrative Assistant IV
472,Daren,Jarred,65,Male,Junior Executive
473,Jaquelin,Picker,70,Female,Food Chemist
474,Tabby,Thing,55,Male,Executive Secretary
475,Leisha,Botly,34,Female,Programmer Analyst III
476,Jacinthe,Jakobssen,37,Female,Senior Editor
477,Almeria,Von Oertzen,51,Female,Pharmacist
478,Lilla,Strathearn,33,Female,Occupational Therapist
479,Helaina,Lenahan,60,Female,General Manager
480,Cosmo,Sirmon,48,Male,Help Desk Operator
481,Domenic,Rolph,65,Male,Civil Engineer
482,Kalinda,Hartmann,56,Female,Clinical Specialist
483,Mylo,Brownhill,70,Male,Health Coach III
484,Dagmar,Schollick,19,Female,Social Worker
485,Forest,Duckerin,41,Male,Product Engineer
486,Guglielma,Jordine,44,Female,Budget/Accounting Analyst IV
487,Roscoe,O'Suaird,36,Male,Physical Therapy Assistant
488,Rutledge,Dudin,56,Male,Web Designer III
489,Vanessa,Horning,58,Female,Help Desk Operator
490,Nevin,Ponceford,51,Male,Food Chemist
491,Lara,Lowell,46,Female,Director of Sales
492,Teri,Yuryev,45,Female,Nuclear Power Engineer
493,Roldan,Camier,20,Male,Product Engineer
494,Aloin,Carnihan,52,Male,VP Product Management
495,Earle,McCrystal,62,Male,Marketing Assistant
496,Biddie,Vaskin,62,Female,Recruiter
497,Dennis,Claxson,60,Male,Marketing Assistant
498,Tate,Heinreich,29,Male,Structural Engineer
499,Judas,Leagas,65,Male,Programmer Analyst III
500,Alicea,Hirth,33,Female,Senior Developer
